Workbook

Sheet danh-muc-linh-kien
A1: ma_linh_kien | B1: ten_thiet_bi | C1: don_gia | D1: loai_storage
A2: LK-CPU-01 | B2: CPU Intel Core i5-12400 | C2: 4500000 | D2: SSD
A3: LK-RAM-02 | B3: RAM DDR4 16GB Bus 3200 | C3: 1800000 | D3: SSD
A4: LK-SSD-03 | B4: SSD Samsung 500GB NVMe | C4: 2200000 | D4: SSD
A5: LK-HDD-04 | B5: HDD Seagate 2TB Barracuda | C5: 1500000 | D5: HDD
A6: LK-SSD-05 | B6: SSD Kingston 240GB SATA | C6: 900000 | D6: SSD
A7: LK-RAM-06 | B7: RAM DDR4 8GB Bus 2666 | C7: 950000 | D7: SSD
A8: LK-CPU-07 | B8: CPU Raspberry Pi Pico W | C8: 150000 | D8: SSD
A9: LK-SSD-08 | B9: SSD Western Digital 1TB | C9: 3100000 | D9: SSD
A10: LK-HDD-09 | B10: HDD Toshiba 4TB Enterprise | C10: 5200000 | D10: HDD
A11: LK-RAM-10 | B11: RAM DDR5 32GB Bus 4800 | C11: 3500000 | D11: SSD

Sheet trang-thai-tram
A1: ma_tram | B1: ma_linh_kien | C1: dung_luong_ram | D1: ngay_lap_dat | E1: ten_thiet_bi (VLOOKUP) | F1: don_gia (VLOOKUP) | G1: loai_storage (VLOOKUP)
A2: TRAM-001 | B2: LK-CPU-01 | C2: 16 | D2: 45672 | E2: =IFERROR(VLOOKUP(TRIM(B2),'danh-muc-linh-kien'!$A$2:$D$11,2,FALSE()),"Khong tim thay") -> CPU Intel Core i5-12400 | F2: =IFERROR(VLOOKUP(TRIM(B2),'danh-muc-linh-kien'!$A$2:$D$11,3,FALSE()),0) -> 4500000 | G2: =IFERROR(VLOOKUP(TRIM(B2),'danh-muc-linh-kien'!$A$2:$D$11,4,FALSE()),"Khong tim thay") -> SSD
A3: TRAM-002 | B3: LK-RAM-02 | C3: 16 | D3: 45672 | E3: =IFERROR(VLOOKUP(TRIM(B3),'danh-muc-linh-kien'!$A$2:$D$11,2,FALSE()),"Khong tim thay") -> RAM DDR4 16GB Bus 3200 | F3: =IFERROR(VLOOKUP(TRIM(B3),'danh-muc-linh-kien'!$A$2:$D$11,3,FALSE()),0) -> 1800000 | G3: =IFERROR(VLOOKUP(TRIM(B3),'danh-muc-linh-kien'!$A$2:$D$11,4,FALSE()),"Khong tim thay") -> SSD
A4: TRAM-003 | B4: LK-SSD-03 | C4: 8 | D4: 45698 | E4: =IFERROR(VLOOKUP(TRIM(B4),'danh-muc-linh-kien'!$A$2:$D$11,2,FALSE()),"Khong tim thay") -> SSD Samsung 500GB NVMe | F4: =IFERROR(VLOOKUP(TRIM(B4),'danh-muc-linh-kien'!$A$2:$D$11,3,FALSE()),0) -> 2200000 | G4: =IFERROR(VLOOKUP(TRIM(B4),'danh-muc-linh-kien'!$A$2:$D$11,4,FALSE()),"Khong tim thay") -> SSD
A5: TRAM-004 | B5: LK-HDD-04 | C5: 32 | D5: 45708 | E5: =IFERROR(VLOOKUP(TRIM(B5),'danh-muc-linh-kien'!$A$2:$D$11,2,FALSE()),"Khong tim thay") -> HDD Seagate 2TB Barracuda | F5: =IFERROR(VLOOKUP(TRIM(B5),'danh-muc-linh-kien'!$A$2:$D$11,3,FALSE()),0) -> 1500000 | G5: =IFERROR(VLOOKUP(TRIM(B5),'danh-muc-linh-kien'!$A$2:$D$11,4,FALSE()),"Khong tim thay") -> HDD
A6: TRAM-005 | B6: LK-SSD-05 | C6: 8 | D6: 45721 | E6: =IFERROR(VLOOKUP(TRIM(B6),'danh-muc-linh-kien'!$A$2:$D$11,2,FALSE()),"Khong tim thay") -> SSD Kingston 240GB SATA | F6: =IFERROR(VLOOKUP(TRIM(B6),'danh-muc-linh-kien'!$A$2:$D$11,3,FALSE()),0) -> 900000 | G6: =IFERROR(VLOOKUP(TRIM(B6),'danh-muc-linh-kien'!$A$2:$D$11,4,FALSE()),"Khong tim thay") -> SSD
A7: TRAM-006 | B7: LK-RAM-06 | C7: 8 | D7: 45734 | E7: =IFERROR(VLOOKUP(TRIM(B7),'danh-muc-linh-kien'!$A$2:$D$11,2,FALSE()),"Khong tim thay") -> RAM DDR4 8GB Bus 2666 | F7: =IFERROR(VLOOKUP(TRIM(B7),'danh-muc-linh-kien'!$A$2:$D$11,3,FALSE()),0) -> 950000 | G7: =IFERROR(VLOOKUP(TRIM(B7),'danh-muc-linh-kien'!$A$2:$D$11,4,FALSE()),"Khong tim thay") -> SSD
A8: TRAM-007 | B8: LK-CPU-07 | C8: 4 | D8: 45749 | E8: =IFERROR(VLOOKUP(TRIM(B8),'danh-muc-linh-kien'!$A$2:$D$11,2,FALSE()),"Khong tim thay") -> CPU Raspberry Pi Pico W | F8: =IFERROR(VLOOKUP(TRIM(B8),'danh-muc-linh-kien'!$A$2:$D$11,3,FALSE()),0) -> 150000 | G8: =IFERROR(VLOOKUP(TRIM(B8),'danh-muc-linh-kien'!$A$2:$D$11,4,FALSE()),"Khong tim thay") -> SSD
A9: TRAM-008 | B9: LK-SSD-08 | C9: 16 | D9: 45769 | E9: =IFERROR(VLOOKUP(TRIM(B9),'danh-muc-linh-kien'!$A$2:$D$11,2,FALSE()),"Khong tim thay") -> SSD Western Digital 1TB | F9: =IFERROR(VLOOKUP(TRIM(B9),'danh-muc-linh-kien'!$A$2:$D$11,3,FALSE()),0) -> 3100000 | G9: =IFERROR(VLOOKUP(TRIM(B9),'danh-muc-linh-kien'!$A$2:$D$11,4,FALSE()),"Khong tim thay") -> SSD
A10: TRAM-009 | B10: LK-HDD-09 | C10: 64 | D10: 45778 | E10: =IFERROR(VLOOKUP(TRIM(B10),'danh-muc-linh-kien'!$A$2:$D$11,2,FALSE()),"Khong tim thay") -> HDD Toshiba 4TB Enterprise | F10: =IFERROR(VLOOKUP(TRIM(B10),'danh-muc-linh-kien'!$A$2:$D$11,3,FALSE()),0) -> 5200000 | G10: =IFERROR(VLOOKUP(TRIM(B10),'danh-muc-linh-kien'!$A$2:$D$11,4,FALSE()),"Khong tim thay") -> HDD
A11: TRAM-010 | B11: LK-RAM-10 | C11: 32 | D11: 45791 | E11: =IFERROR(VLOOKUP(TRIM(B11),'danh-muc-linh-kien'!$A$2:$D$11,2,FALSE()),"Khong tim thay") -> RAM DDR5 32GB Bus 4800 | F11: =IFERROR(VLOOKUP(TRIM(B11),'danh-muc-linh-kien'!$A$2:$D$11,3,FALSE()),0) -> 3500000 | G11: =IFERROR(VLOOKUP(TRIM(B11),'danh-muc-linh-kien'!$A$2:$D$11,4,FALSE()),"Khong tim thay") -> SSD
A12: TRAM-011 | B12: LK-CPU-01 | C12: 16 | D12: 45811 | E12: =IFERROR(VLOOKUP(TRIM(B12),'danh-muc-linh-kien'!$A$2:$D$11,2,FALSE()),"Khong tim thay") -> CPU Intel Core i5-12400 | F12: =IFERROR(VLOOKUP(TRIM(B12),'danh-muc-linh-kien'!$A$2:$D$11,3,FALSE()),0) -> 4500000 | G12: =IFERROR(VLOOKUP(TRIM(B12),'danh-muc-linh-kien'!$A$2:$D$11,4,FALSE()),"Khong tim thay") -> SSD
A13: TRAM-012 | B13: LK-SSD-03 | C13: 8 | D13: 45833 | E13: =IFERROR(VLOOKUP(TRIM(B13),'danh-muc-linh-kien'!$A$2:$D$11,2,FALSE()),"Khong tim thay") -> SSD Samsung 500GB NVMe | F13: =IFERROR(VLOOKUP(TRIM(B13),'danh-muc-linh-kien'!$A$2:$D$11,3,FALSE()),0) -> 2200000 | G13: =IFERROR(VLOOKUP(TRIM(B13),'danh-muc-linh-kien'!$A$2:$D$11,4,FALSE()),"Khong tim thay") -> SSD
